sample_id,sr_method,sr_filename,sr_path,gt_path,lr_path,gaussian_0,gaussian_1,gaussian_2,gaussian_3,gaussian_4,uniform_0,uniform_1,uniform_2,uniform_3,uniform_4
PASD:1024x768___4962875195,PASD,1024x768___4962875195.png,/home/oleg/coding/py/QualiSR-Lab/dataset/sr/PASD/1024x768___4962875195.png,/home/oleg/coding/py/QualiSR-Lab/dataset/hr/1024x768___4962875195.png,/home/oleg/coding/py/QualiSR-Lab/dataset/lr/1024x768___4962875195.png,-0.6281389044938717,1.483031907472969,-1.2521487255485328,1.0901747276473996,1.761269560124638,0.420400790203303,0.08049469104638496,0.2540494124269721,0.030517935360918513,0.45719345496003516
PASD:ava_images___101816,PASD,ava_images___101816.png,/home/oleg/coding/py/QualiSR-Lab/dataset/sr/PASD/ava_images___101816.png,/home/oleg/coding/py/QualiSR-Lab/dataset/hr/ava_images___101816.png,/home/oleg/coding/py/QualiSR-Lab/dataset/lr/ava_images___101816.png,0.2079407047063671,1.2961751648709232,-0.03602898842248758,-0.5265047732119134,-0.20616690232656543,0.7129887013464098,0.7650401140200596,0.9195640356267658,0.9770477572941811,0.5509095174386665
PASD:ava_images___158174,PASD,ava_images___158174.png,/home/oleg/coding/py/QualiSR-Lab/dataset/sr/PASD/ava_images___158174.png,/home/oleg/coding/py/QualiSR-Lab/dataset/hr/ava_images___158174.png,/home/oleg/coding/py/QualiSR-Lab/dataset/lr/ava_images___158174.png,-0.21643762950139434,-0.5026748179530252,-0.6760613146679644,0.36881669461032635,1.7633659245250062,0.7560694737004576,0.473703508986556,0.15734621102220625,0.11431611978272949,0.40192828635553135
PASD:ava_images___18037,PASD,ava_images___18037.png,/home/oleg/coding/py/QualiSR-Lab/dataset/sr/PASD/ava_images___18037.png,/home/oleg/coding/py/QualiSR-Lab/dataset/hr/ava_images___18037.png,/home/oleg/coding/py/QualiSR-Lab/dataset/lr/ava_images___18037.png,0.31469301870978383,0.28753698901622526,-0.5286067962387221,-0.12673580147072253,1.260642419048013,0.08212677746262442,0.06454496014738886,0.02906712747962792,0.14772097799376538,0.8228997705790194
PASD:ava_images___217590,PASD,ava_images___217590.png,/home/oleg/coding/py/QualiSR-Lab/dataset/sr/PASD/ava_images___217590.png,/home/oleg/coding/py/QualiSR-Lab/dataset/hr/ava_images___217590.png,/home/oleg/coding/py/QualiSR-Lab/dataset/lr/ava_images___217590.png,-0.14888448528169176,-0.3531615179996017,0.7532525293138248,-1.3943280957300932,-0.8845675036298077,0.19597947224501466,0.43293754309498633,0.7674852571584014,0.9520919424384043,0.22693208116701014
PASD:ava_images___251530,PASD,ava_images___251530.png,/home/oleg/coding/py/QualiSR-Lab/dataset/sr/PASD/ava_images___251530.png,/home/oleg/coding/py/QualiSR-Lab/dataset/hr/ava_images___251530.png,/home/oleg/coding/py/QualiSR-Lab/dataset/lr/ava_images___251530.png,1.6178463621889536,0.27284394546021795,1.4708709182634077,0.21253147496454805,-0.5182291220026742,0.7729080575769492,0.2822496342692348,0.95403600331333,0.3093374048730022,0.876637917224482
PASD:ava_images___253900,PASD,ava_images___253900.png,/home/oleg/coding/py/QualiSR-Lab/dataset/sr/PASD/ava_images___253900.png,/home/oleg/coding/py/QualiSR-Lab/dataset/hr/ava_images___253900.png,/home/oleg/coding/py/QualiSR-Lab/dataset/lr/ava_images___253900.png,0.8427804535684927,0.03432947865140736,-0.4796653768010728,1.076415289703731,0.43919829144640027,0.10787119783692511,0.11687727965531636,0.07592819225824987,0.8920518288358712,0.40976084183937844
PASD:ava_images___273810,PASD,ava_images___273810.png,/home/oleg/coding/py/QualiSR-Lab/dataset/sr/PASD/ava_images___273810.png,/home/oleg/coding/py/QualiSR-Lab/dataset/hr/ava_images___273810.png,/home/oleg/coding/py/QualiSR-Lab/dataset/lr/ava_images___273810.png,-1.1103208769975363,0.8309563444402135,-0.3792425993305376,-0.8285558365736575,1.073691142378195,0.8957931663931967,0.8094860862436791,0.2940124121955042,0.27521158060473927,0.9096922091030646
PASD:ava_images___295451,PASD,ava_images___295451.png,/home/oleg/coding/py/QualiSR-Lab/dataset/sr/PASD/ava_images___295451.png,/home/oleg/coding/py/QualiSR-Lab/dataset/hr/ava_images___295451.png,/home/oleg/coding/py/QualiSR-Lab/dataset/lr/ava_images___295451.png,0.3009446243945369,-0.8672978929110972,1.4200097379314738,0.012952114254013084,0.4739366790858845,0.24839896376005066,0.4998786868505005,0.26359274254420084,0.43991583763544806,0.6191446599128455
PASD:ava_images___308473,PASD,ava_images___308473.png,/home/oleg/coding/py/QualiSR-Lab/dataset/sr/PASD/ava_images___308473.png,/home/oleg/coding/py/QualiSR-Lab/dataset/hr/ava_images___308473.png,/home/oleg/coding/py/QualiSR-Lab/dataset/lr/ava_images___308473.png,-0.34007378358381096,-0.7946064000243903,2.184856518542751,1.0553613046551453,-0.18321092635259473,0.761286544383998,0.030184329378991626,0.9229530874358061,0.4462800793573427,0.5272191165664802
PASD:ava_images___321917,PASD,ava_images___321917.png,/home/oleg/coding/py/QualiSR-Lab/dataset/sr/PASD/ava_images___321917.png,/home/oleg/coding/py/QualiSR-Lab/dataset/hr/ava_images___321917.png,/home/oleg/coding/py/QualiSR-Lab/dataset/lr/ava_images___321917.png,-1.0742786829874418,0.5246782392424122,-0.39492284602052424,0.9595223241748493,0.15302603675007131,0.47807046050368396,0.9591467450397477,0.33116127217195956,0.7842354079457291,0.5580404900303033
PASD:ava_images___360165,PASD,ava_images___360165.png,/home/oleg/coding/py/QualiSR-Lab/dataset/sr/PASD/ava_images___360165.png,/home/oleg/coding/py/QualiSR-Lab/dataset/hr/ava_images___360165.png,/home/oleg/coding/py/QualiSR-Lab/dataset/lr/ava_images___360165.png,-0.5831103400080978,1.3834247642202222,-0.41695234209412896,-1.0028217127053556,-0.36027124410829786,0.2380643304653609,0.8567156705701737,0.540149650463006,0.9020293859419591,0.4194428975626554
PASD:ava_images___426629,PASD,ava_images___426629.png,/home/oleg/coding/py/QualiSR-Lab/dataset/sr/PASD/ava_images___426629.png,/home/oleg/coding/py/QualiSR-Lab/dataset/hr/ava_images___426629.png,/home/oleg/coding/py/QualiSR-Lab/dataset/lr/ava_images___426629.png,0.7824419305866283,0.16534118828959118,-0.16926939750849157,-0.2586474708647534,1.072361556193477,0.05154478754364855,0.1731937777920991,0.5081785629993905,0.178312026801154,0.4262130832528893
PASD:ava_images___436880,PASD,ava_images___436880.png,/home/oleg/coding/py/QualiSR-Lab/dataset/sr/PASD/ava_images___436880.png,/home/oleg/coding/py/QualiSR-Lab/dataset/hr/ava_images___436880.png,/home/oleg/coding/py/QualiSR-Lab/dataset/lr/ava_images___436880.png,-2.50706965867818,2.220774281439276,-2.070688945328735,-0.41758192581388104,0.4109058696351489,0.8304635396184493,0.16486311187966007,0.4699864971508587,0.38938926863795253,0.018623108757128026
PASD:ava_images___46021,PASD,ava_images___46021.png,/home/oleg/coding/py/QualiSR-Lab/dataset/sr/PASD/ava_images___46021.png,/home/oleg/coding/py/QualiSR-Lab/dataset/hr/ava_images___46021.png,/home/oleg/coding/py/QualiSR-Lab/dataset/lr/ava_images___46021.png,0.36871373222040826,-0.6668150102826104,1.1800857553599362,-0.7078852579187198,-0.7331662719480317,0.40422619002067084,0.25202542769126735,0.6420323580008515,0.9397529223953859,0.9066998881858809
PASD:ava_images___472713,PASD,ava_images___472713.png,/home/oleg/coding/py/QualiSR-Lab/dataset/sr/PASD/ava_images___472713.png,/home/oleg/coding/py/QualiSR-Lab/dataset/hr/ava_images___472713.png,/home/oleg/coding/py/QualiSR-Lab/dataset/lr/ava_images___472713.png,-0.08603796012651699,0.1553012552857597,0.07019591702463379,1.8988184932711596,0.7718667916970632,0.5098204687760456,0.6240657721282012,0.45113673205891835,0.6849869988431093,0.6381282730028488
PASD:ava_images___501777,PASD,ava_images___501777.png,/home/oleg/coding/py/QualiSR-Lab/dataset/sr/PASD/ava_images___501777.png,/home/oleg/coding/py/QualiSR-Lab/dataset/hr/ava_images___501777.png,/home/oleg/coding/py/QualiSR-Lab/dataset/lr/ava_images___501777.png,-1.7270747810888187,-0.7696208648889586,-0.993138433397214,-0.49427955101249904,-2.088381090437364,0.9786805059531944,0.4048368491211547,0.5670759404590059,0.9383471892243858,0.502581417680164
PASD:ava_images___564572,PASD,ava_images___564572.png,/home/oleg/coding/py/QualiSR-Lab/dataset/sr/PASD/ava_images___564572.png,/home/oleg/coding/py/QualiSR-Lab/dataset/hr/ava_images___564572.png,/home/oleg/coding/py/QualiSR-Lab/dataset/lr/ava_images___564572.png,0.12299701772688876,1.2667814457602729,-0.38164368897231876,0.9966813657092656,-0.7192156595858136,0.519303626149003,0.03110846917171306,0.7786017123203705,0.9622720906826122,0.2242874743784401
PASD:ava_images___588008,PASD,ava_images___588008.png,/home/oleg/coding/py/QualiSR-Lab/dataset/sr/PASD/ava_images___588008.png,/home/oleg/coding/py/QualiSR-Lab/dataset/hr/ava_images___588008.png,/home/oleg/coding/py/QualiSR-Lab/dataset/lr/ava_images___588008.png,-2.145042141228325,0.756984230957869,-0.027056922040421646,1.6301714363961868,0.2817562561074357,0.6099574093105601,0.05995336707236576,0.03318453080161898,0.8734998166309592,0.035061614643587036
PASD:ava_images___645845,PASD,ava_images___645845.png,/home/oleg/coding/py/QualiSR-Lab/dataset/sr/PASD/ava_images___645845.png,/home/oleg/coding/py/QualiSR-Lab/dataset/hr/ava_images___645845.png,/home/oleg/coding/py/QualiSR-Lab/dataset/lr/ava_images___645845.png,0.05840697670290601,-1.541126271733965,-0.32688833310577053,0.4868531905668306,1.6938055644252132,0.6415216468536463,0.46711778537398185,0.03144475359078691,0.5388677438118166,0.06925146607579458
PASD:ava_images___699615,PASD,ava_images___699615.png,/home/oleg/coding/py/QualiSR-Lab/dataset/sr/PASD/ava_images___699615.png,/home/oleg/coding/py/QualiSR-Lab/dataset/hr/ava_images___699615.png,/home/oleg/coding/py/QualiSR-Lab/dataset/lr/ava_images___699615.png,1.4852429185038203,-0.4837980335700616,1.3367746386263046,-0.24628499028528453,-0.9113047551888794,0.4189410909650967,0.46981099116742275,0.5328529477917462,0.9795302585333224,0.5487934073977995
PASD:ava_images___710191,PASD,ava_images___710191.png,/home/oleg/coding/py/QualiSR-Lab/dataset/sr/PASD/ava_images___710191.png,/home/oleg/coding/py/QualiSR-Lab/dataset/hr/ava_images___710191.png,/home/oleg/coding/py/QualiSR-Lab/dataset/lr/ava_images___710191.png,-0.47031272570170873,1.7643396094242034,0.2731079661980237,-1.184110566119908,-1.9014899806808028,0.25512999098275946,0.059001606717003274,0.5947978709608228,0.3802550758329346,0.1656015278998586
PASD:ava_images___737450,PASD,ava_images___737450.png,/home/oleg/coding/py/QualiSR-Lab/dataset/sr/PASD/ava_images___737450.png,/home/oleg/coding/py/QualiSR-Lab/dataset/hr/ava_images___737450.png,/home/oleg/coding/py/QualiSR-Lab/dataset/lr/ava_images___737450.png,-0.6897345524532594,-1.1661267097719228,1.5537292998547338,0.6938910422407116,0.25019710008429447,0.5887802032429548,0.2246918073580212,0.6135483575546256,0.8628317793671375,0.58801593742978
PASD:ava_images___74410,PASD,ava_images___74410.png,/home/oleg/coding/py/QualiSR-Lab/dataset/sr/PASD/ava_images___74410.png,/home/oleg/coding/py/QualiSR-Lab/dataset/hr/ava_images___74410.png,/home/oleg/coding/py/QualiSR-Lab/dataset/lr/ava_images___74410.png,0.05764107783255859,-0.15288303841720627,-0.07109554602312247,-1.3518318417854855,0.11679656222773654,0.34395174353603664,0.6423105135202183,0.1088598477334497,0.4259715936601822,0.34026427353178523
PASD:ava_images___751927,PASD,ava_images___751927.png,/home/oleg/coding/py/QualiSR-Lab/dataset/sr/PASD/ava_images___751927.png,/home/oleg/coding/py/QualiSR-Lab/dataset/hr/ava_images___751927.png,/home/oleg/coding/py/QualiSR-Lab/dataset/lr/ava_images___751927.png,-1.5280640283422617,1.417996583552338,-1.0311092441009249,-0.28948731283176743,-0.03865815214720541,0.9864431423385306,0.45236989429321595,0.5380849220724431,0.6364505253236475,0.8614227987119665
PASD:ava_images___773899,PASD,ava_images___773899.png,/home/oleg/coding/py/QualiSR-Lab/dataset/sr/PASD/ava_images___773899.png,/home/oleg/coding/py/QualiSR-Lab/dataset/hr/ava_images___773899.png,/home/oleg/coding/py/QualiSR-Lab/dataset/lr/ava_images___773899.png,-2.047175872803033,0.5447602637580744,0.3710255072446925,-0.1544264054507966,0.03168030213669408,0.3684304067789964,0.8447165166161716,0.2333691459716527,0.41096223718396707,0.2716895781549732
PASD:ava_images___827653,PASD,ava_images___827653.png,/home/oleg/coding/py/QualiSR-Lab/dataset/sr/PASD/ava_images___827653.png,/home/oleg/coding/py/QualiSR-Lab/dataset/hr/ava_images___827653.png,/home/oleg/coding/py/QualiSR-Lab/dataset/lr/ava_images___827653.png,-0.4012100422908531,-0.11397472534894167,-0.9231013714732272,-1.579684750732539,1.1698260796656998,0.8008155953045165,0.409430703436671,0.5940269129491577,0.709489907032864,0.9248118644703612
PASD:ava_images___842206,PASD,ava_images___842206.png,/home/oleg/coding/py/QualiSR-Lab/dataset/sr/PASD/ava_images___842206.png,/home/oleg/coding/py/QualiSR-Lab/dataset/hr/ava_images___842206.png,/home/oleg/coding/py/QualiSR-Lab/dataset/lr/ava_images___842206.png,0.4206185669552109,-0.5014508806352891,1.4184221911183308,1.1337349508769266,-0.02678376615623452,0.4465169618092253,0.3722286391471705,0.03497178918198196,0.9100407250375618,0.3573306397488506
PASD:ava_images___846773,PASD,ava_images___846773.png,/home/oleg/coding/py/QualiSR-Lab/dataset/sr/PASD/ava_images___846773.png,/home/oleg/coding/py/QualiSR-Lab/dataset/hr/ava_images___846773.png,/home/oleg/coding/py/QualiSR-Lab/dataset/lr/ava_images___846773.png,1.3426335736953667,1.8763351873501597,0.9153867906333936,-0.10279180152179161,0.005714788118980387,0.6782717484684527,0.9112417442799589,0.4694384418318799,0.11555142830198983,0.6893504970253105
PASD:ava_images___857447,PASD,ava_images___857447.png,/home/oleg/coding/py/QualiSR-Lab/dataset/sr/PASD/ava_images___857447.png,/home/oleg/coding/py/QualiSR-Lab/dataset/hr/ava_images___857447.png,/home/oleg/coding/py/QualiSR-Lab/dataset/lr/ava_images___857447.png,-0.5491936723245716,1.4534437936296472,1.02553531352128,-0.3706649641513969,-0.8461971648865798,0.5853992675719515,0.5706235119572898,0.5325108152537987,0.8748417526856599,0.3266569779541819
PASD:ava_images___864250,PASD,ava_images___864250.png,/home/oleg/coding/py/QualiSR-Lab/dataset/sr/PASD/ava_images___864250.png,/home/oleg/coding/py/QualiSR-Lab/dataset/hr/ava_images___864250.png,/home/oleg/coding/py/QualiSR-Lab/dataset/lr/ava_images___864250.png,-0.2622491430448991,0.6679244382898469,0.6502946382280375,-1.1691880502417655,-1.7822316942774594,0.691157781240678,0.044639576186637164,0.11209486050733353,0.5299258482043734,0.9604903436009834
PASD:ava_images___865616,PASD,ava_images___865616.png,/home/oleg/coding/py/QualiSR-Lab/dataset/sr/PASD/ava_images___865616.png,/home/oleg/coding/py/QualiSR-Lab/dataset/hr/ava_images___865616.png,/home/oleg/coding/py/QualiSR-Lab/dataset/lr/ava_images___865616.png,-0.37272321047896456,0.6482555680342442,-0.8680474879173132,0.3645485476636959,1.1108048292763748,0.07429373378029569,0.5773578449024115,0.3037767618760503,0.7921705634477393,0.9344688305479597
PASD:ava_images___953752,PASD,ava_images___953752.png,/home/oleg/coding/py/QualiSR-Lab/dataset/sr/PASD/ava_images___953752.png,/home/oleg/coding/py/QualiSR-Lab/dataset/hr/ava_images___953752.png,/home/oleg/coding/py/QualiSR-Lab/dataset/lr/ava_images___953752.png,-0.2957361015606322,-0.2376980104365908,0.5398273085992039,-1.0364541030712051,1.4305692041902063,0.3332935534878687,0.40616916695645444,0.8962417780697344,0.0846370267777562,0.27580615296825306
PASD:blur_dataset___out_of_focus0685,PASD,blur_dataset___out_of_focus0685.png,/home/oleg/coding/py/QualiSR-Lab/dataset/sr/PASD/blur_dataset___out_of_focus0685.png,/home/oleg/coding/py/QualiSR-Lab/dataset/hr/blur_dataset___out_of_focus0685.png,/home/oleg/coding/py/QualiSR-Lab/dataset/lr/blur_dataset___out_of_focus0685.png,-0.43981606420466557,-0.03486805940035011,1.0534392313880232,-1.2502271829318443,-0.7101421414135212,0.9181580606393637,0.026600416038377706,0.06950674715290661,0.5053455464252216,0.23584798216224556
PASD:voc_emotic_ava___EMOTIC__COCO_train2014_000000244530,PASD,voc_emotic_ava___EMOTIC__COCO_train2014_000000244530.png,/home/oleg/coding/py/QualiSR-Lab/dataset/sr/PASD/voc_emotic_ava___EMOTIC__COCO_train2014_000000244530.png,/home/oleg/coding/py/QualiSR-Lab/dataset/hr/voc_emotic_ava___EMOTIC__COCO_train2014_000000244530.png,/home/oleg/coding/py/QualiSR-Lab/dataset/lr/voc_emotic_ava___EMOTIC__COCO_train2014_000000244530.png,0.12638984376088586,0.3209503014726629,-0.11012829297052618,-0.683575538691433,1.0967328004826535,0.9677914304170638,0.20821846889587747,0.20300066311008713,0.6606967061030578,0.6047384560228332
PASD:voc_emotic_ava___EMOTIC__COCO_train2014_000000247190,PASD,voc_emotic_ava___EMOTIC__COCO_train2014_000000247190.png,/home/oleg/coding/py/QualiSR-Lab/dataset/sr/PASD/voc_emotic_ava___EMOTIC__COCO_train2014_000000247190.png,/home/oleg/coding/py/QualiSR-Lab/dataset/hr/voc_emotic_ava___EMOTIC__COCO_train2014_000000247190.png,/home/oleg/coding/py/QualiSR-Lab/dataset/lr/voc_emotic_ava___EMOTIC__COCO_train2014_000000247190.png,0.33947573479610854,0.9143173927052686,1.0460501927237584,1.3425216436695846,0.2330511212043437,0.901139522281541,0.32707759136535874,0.19600643070461277,0.7606132745394255,0.9038771876420665
PASD:voc_emotic_ava___EMOTIC__COCO_val2014_000000020598,PASD,voc_emotic_ava___EMOTIC__COCO_val2014_000000020598.png,/home/oleg/coding/py/QualiSR-Lab/dataset/sr/PASD/voc_emotic_ava___EMOTIC__COCO_val2014_000000020598.png,/home/oleg/coding/py/QualiSR-Lab/dataset/hr/voc_emotic_ava___EMOTIC__COCO_val2014_000000020598.png,/home/oleg/coding/py/QualiSR-Lab/dataset/lr/voc_emotic_ava___EMOTIC__COCO_val2014_000000020598.png,0.32237604225941496,-0.9614958902787577,0.8465142301382034,-0.7279698783929414,-1.5011486469458613,0.21308361054840996,0.9983216409692071,0.5964624743135942,0.5189883767748894,0.6646010078242489
PASD:voc_emotic_ava___JPEGImages__2008_003883,PASD,voc_emotic_ava___JPEGImages__2008_003883.png,/home/oleg/coding/py/QualiSR-Lab/dataset/sr/PASD/voc_emotic_ava___JPEGImages__2008_003883.png,/home/oleg/coding/py/QualiSR-Lab/dataset/hr/voc_emotic_ava___JPEGImages__2008_003883.png,/home/oleg/coding/py/QualiSR-Lab/dataset/lr/voc_emotic_ava___JPEGImages__2008_003883.png,-0.5152080203960387,-0.3869322757015834,-1.0447210763434476,-1.105505065108134,-0.5354907702045344,0.6802912102294576,0.6907183763664427,0.7655528899324621,0.6139564519946151,0.37012500435339935
PASD:voc_emotic_ava___VOC2012__2010_004399,PASD,voc_emotic_ava___VOC2012__2010_004399.png,/home/oleg/coding/py/QualiSR-Lab/dataset/sr/PASD/voc_emotic_ava___VOC2012__2010_004399.png,/home/oleg/coding/py/QualiSR-Lab/dataset/hr/voc_emotic_ava___VOC2012__2010_004399.png,/home/oleg/coding/py/QualiSR-Lab/dataset/lr/voc_emotic_ava___VOC2012__2010_004399.png,0.1269182560496816,0.9467269219230913,-0.676989277757467,0.8678751330043999,1.0465705383684387,0.5503527899216172,0.2863434686177525,0.5696330378270791,0.8721234314024663,0.08300404328379296
PASD:voc_emotic_ava___VOC2012__2012_004043,PASD,voc_emotic_ava___VOC2012__2012_004043.png,/home/oleg/coding/py/QualiSR-Lab/dataset/sr/PASD/voc_emotic_ava___VOC2012__2012_004043.png,/home/oleg/coding/py/QualiSR-Lab/dataset/hr/voc_emotic_ava___VOC2012__2012_004043.png,/home/oleg/coding/py/QualiSR-Lab/dataset/lr/voc_emotic_ava___VOC2012__2012_004043.png,-0.5661814915503942,-0.3117865281285074,-0.36038134147385176,1.941268603022843,-0.7138449853383778,0.5669952948994413,0.5231203367049959,0.3350676073888734,0.3442434229745286,0.8710713617324409
SUPIR:1024x768___4962875195,SUPIR,1024x768___4962875195.png,/home/oleg/coding/py/QualiSR-Lab/dataset/sr/SUPIR/1024x768___4962875195.png,/home/oleg/coding/py/QualiSR-Lab/dataset/hr/1024x768___4962875195.png,/home/oleg/coding/py/QualiSR-Lab/dataset/lr/1024x768___4962875195.png,-1.8689315884660191,-1.6125605022448193,0.8112985650419903,0.1232889493852222,0.5347430364635618,0.3712689751800289,0.9466851270035254,0.917941391451249,0.6138085281464504,0.39746082727473897
SUPIR:ava_images___101816,SUPIR,ava_images___101816.png,/home/oleg/coding/py/QualiSR-Lab/dataset/sr/SUPIR/ava_images___101816.png,/home/oleg/coding/py/QualiSR-Lab/dataset/hr/ava_images___101816.png,/home/oleg/coding/py/QualiSR-Lab/dataset/lr/ava_images___101816.png,0.241514443065741,-0.6791820785632211,1.6206552461323407,-0.009720080543395015,-0.6111391749245052,0.513514423384168,0.26253784991941254,0.33461854531340374,0.9843664346876708,0.10104323437072438
SUPIR:ava_images___158174,SUPIR,ava_images___158174.png,/home/oleg/coding/py/QualiSR-Lab/dataset/sr/SUPIR/ava_images___158174.png,/home/oleg/coding/py/QualiSR-Lab/dataset/hr/ava_images___158174.png,/home/oleg/coding/py/QualiSR-Lab/dataset/lr/ava_images___158174.png,-0.44375184205174245,1.3046380624878247,-0.007785247593100618,-0.23318020281495697,-0.6280906953004125,0.9741925385524635,0.49464480375143516,0.5709996548403514,0.5242367113515726,0.5850144043741197
SUPIR:ava_images___18037,SUPIR,ava_images___18037.png,/home/oleg/coding/py/QualiSR-Lab/dataset/sr/SUPIR/ava_images___18037.png,/home/oleg/coding/py/QualiSR-Lab/dataset/hr/ava_images___18037.png,/home/oleg/coding/py/QualiSR-Lab/dataset/lr/ava_images___18037.png,0.5479591714625087,-0.7717448258381807,1.4363818700451414,-0.0911156792754334,0.469038046670428,0.16521749239973127,0.7306690926642544,0.3275375546161301,0.0758115011149274,0.16210670455492815
SUPIR:ava_images___217590,SUPIR,ava_images___217590.png,/home/oleg/coding/py/QualiSR-Lab/dataset/sr/SUPIR/ava_images___217590.png,/home/oleg/coding/py/QualiSR-Lab/dataset/hr/ava_images___217590.png,/home/oleg/coding/py/QualiSR-Lab/dataset/lr/ava_images___217590.png,-0.19917955764209735,-0.71197624756389,-0.9772201974605395,-1.4068265980409351,0.31629863066762626,0.19845634289903347,0.7014026344116709,0.3269197132630617,0.4891394898199075,0.519987753547194
SUPIR:ava_images___251530,SUPIR,ava_images___251530.png,/home/oleg/coding/py/QualiSR-Lab/dataset/sr/SUPIR/ava_images___251530.png,/home/oleg/coding/py/QualiSR-Lab/dataset/hr/ava_images___251530.png,/home/oleg/coding/py/QualiSR-Lab/dataset/lr/ava_images___251530.png,-0.1733770729132998,-0.9421299788390938,-0.14682452179195152,-1.2757268351015036,0.5396345520681758,0.05481717560185928,0.1159163429535629,0.6439644721803345,0.7241672646403717,0.03531344872359432
SUPIR:ava_images___253900,SUPIR,ava_images___253900.png,/home/oleg/coding/py/QualiSR-Lab/dataset/sr/SUPIR/ava_images___253900.png,/home/oleg/coding/py/QualiSR-Lab/dataset/hr/ava_images___253900.png,/home/oleg/coding/py/QualiSR-Lab/dataset/lr/ava_images___253900.png,2.096360114400875,-1.6225485673064712,0.6159957191143753,0.6515365311073996,1.168713677376535,0.7243935872472034,0.7883164440646714,0.9971455542864804,0.20695519122218697,0.06364072692924405
SUPIR:ava_images___273810,SUPIR,ava_images___273810.png,/home/oleg/coding/py/QualiSR-Lab/dataset/sr/SUPIR/ava_images___273810.png,/home/oleg/coding/py/QualiSR-Lab/dataset/hr/ava_images___273810.png,/home/oleg/coding/py/QualiSR-Lab/dataset/lr/ava_images___273810.png,-0.28533136722626046,-1.0925638150296788,1.2414020531547798,0.31737385267494633,0.44061254046806714,0.33811486880707664,0.16428675046662278,0.17627221139060423,0.8187217464805413,0.5387295498469992
SUPIR:ava_images___295451,SUPIR,ava_images___295451.png,/home/oleg/coding/py/QualiSR-Lab/dataset/sr/SUPIR/ava_images___295451.png,/home/oleg/coding/py/QualiSR-Lab/dataset/hr/ava_images___295451.png,/home/oleg/coding/py/QualiSR-Lab/dataset/lr/ava_images___295451.png,3.1577821720294006,0.9586003491092477,0.17173419572004167,-0.5711360987725107,0.439096254751655,0.1670170946417182,0.5501358101801361,0.03320202913702419,0.12837179930392206,0.5537325691135282
SUPIR:ava_images___308473,SUPIR,ava_images___308473.png,/home/oleg/coding/py/QualiSR-Lab/dataset/sr/SUPIR/ava_images___308473.png,/home/oleg/coding/py/QualiSR-Lab/dataset/hr/ava_images___308473.png,/home/oleg/coding/py/QualiSR-Lab/dataset/lr/ava_images___308473.png,1.3271038949752363,-1.6431592600096423,-0.882634847117007,0.824787530141212,1.779187526859931,0.2428155724494343,0.8896107005850546,0.09649841459343433,0.4676301128590521,0.7611737560098972
SUPIR:ava_images___321917,SUPIR,ava_images___321917.png,/home/oleg/coding/py/QualiSR-Lab/dataset/sr/SUPIR/ava_images___321917.png,/home/oleg/coding/py/QualiSR-Lab/dataset/hr/ava_images___321917.png,/home/oleg/coding/py/QualiSR-Lab/dataset/lr/ava_images___321917.png,-3.192533328282069,0.13162578873886843,1.3252085179963755,1.286142525060149,-1.4479666565610443,0.28531954258961056,0.9951394965087041,0.4963861390965286,0.689427341676378,0.8772563442282959
SUPIR:ava_images___360165,SUPIR,ava_images___360165.png,/home/oleg/coding/py/QualiSR-Lab/dataset/sr/SUPIR/ava_images___360165.png,/home/oleg/coding/py/QualiSR-Lab/dataset/hr/ava_images___360165.png,/home/oleg/coding/py/QualiSR-Lab/dataset/lr/ava_images___360165.png,0.7850436023037642,-1.8822501170622545,-0.48663374019575023,0.19782681176730973,0.2578806633335478,0.9075420931056042,0.4818349874510792,0.14551830578214064,0.9386512705802161,0.37067696053840027
SUPIR:ava_images___426629,SUPIR,ava_images___426629.png,/home/oleg/coding/py/QualiSR-Lab/dataset/sr/SUPIR/ava_images___426629.png,/home/oleg/coding/py/QualiSR-Lab/dataset/hr/ava_images___426629.png,/home/oleg/coding/py/QualiSR-Lab/dataset/lr/ava_images___426629.png,-0.6045386363853742,0.892448228259776,0.6209144693100754,-1.4141088863113138,0.5411618015565901,0.09551848855636502,0.9769967766264372,0.5110627711715611,0.1347028231889118,0.3886027614409664
SUPIR:ava_images___436880,SUPIR,ava_images___436880.png,/home/oleg/coding/py/QualiSR-Lab/dataset/sr/SUPIR/ava_images___436880.png,/home/oleg/coding/py/QualiSR-Lab/dataset/hr/ava_images___436880.png,/home/oleg/coding/py/QualiSR-Lab/dataset/lr/ava_images___436880.png,0.34624829188188394,1.6922960764500348,-1.0382489586088746,-0.8336146237639672,0.31370022959563837,0.5982309536065767,0.30742120512111437,0.6407127527675102,0.4309532166324235,0.4203999079101709
SUPIR:ava_images___46021,SUPIR,ava_images___46021.png,/home/oleg/coding/py/QualiSR-Lab/dataset/sr/SUPIR/ava_images___46021.png,/home/oleg/coding/py/QualiSR-Lab/dataset/hr/ava_images___46021.png,/home/oleg/coding/py/QualiSR-Lab/dataset/lr/ava_images___46021.png,0.141364553732692,0.15970123914560158,0.9603636026975632,0.6073970569536087,-0.6423326352907893,0.617728741785138,0.29443550196819834,0.5585072952794944,0.41332414780598303,0.5182410638728145
SUPIR:ava_images___472713,SUPIR,ava_images___472713.png,/home/oleg/coding/py/QualiSR-Lab/dataset/sr/SUPIR/ava_images___472713.png,/home/oleg/coding/py/QualiSR-Lab/dataset/hr/ava_images___472713.png,/home/oleg/coding/py/QualiSR-Lab/dataset/lr/ava_images___472713.png,2.057174630291963,-0.46592758846972676,-1.3102434296396015,1.3879691922397828,0.6733598783183111,0.5679902930178569,0.0386216788797461,0.5606869645055299,0.3980390782799068,0.6093021557723262
SUPIR:ava_images___501777,SUPIR,ava_images___501777.png,/home/oleg/coding/py/QualiSR-Lab/dataset/sr/SUPIR/ava_images___501777.png,/home/oleg/coding/py/QualiSR-Lab/dataset/hr/ava_images___501777.png,/home/oleg/coding/py/QualiSR-Lab/dataset/lr/ava_images___501777.png,-0.36638792507453904,-1.650000508074469,-1.134301112502117,1.8537294405946312,-0.1842081429145532,0.9391225026542148,0.1113204344069455,0.9169714855087752,0.34396195359674897,0.9972412247148954
SUPIR:ava_images___564572,SUPIR,ava_images___564572.png,/home/oleg/coding/py/QualiSR-Lab/dataset/sr/SUPIR/ava_images___564572.png,/home/oleg/coding/py/QualiSR-Lab/dataset/hr/ava_images___564572.png,/home/oleg/coding/py/QualiSR-Lab/dataset/lr/ava_images___564572.png,-0.4684883017092588,-0.7198949398329533,-0.36048124293617334,0.7233999232565932,-0.6930544285535988,0.39745604311121485,0.7232804944146821,0.9862658373427476,0.5803743508400008,0.2039684762599474
SUPIR:ava_images___588008,SUPIR,ava_images___588008.png,/home/oleg/coding/py/QualiSR-Lab/dataset/sr/SUPIR/ava_images___588008.png,/home/oleg/coding/py/QualiSR-Lab/dataset/hr/ava_images___588008.png,/home/oleg/coding/py/QualiSR-Lab/dataset/lr/ava_images___588008.png,0.39800691277993916,0.20851434195345905,-1.1727327180405291,2.0278945022817307,0.06769852823285455,0.29702273296715553,0.9906665141974607,0.9216097332564331,0.6680702398033714,0.4184736476571548
SUPIR:ava_images___645845,SUPIR,ava_images___645845.png,/home/oleg/coding/py/QualiSR-Lab/dataset/sr/SUPIR/ava_images___645845.png,/home/oleg/coding/py/QualiSR-Lab/dataset/hr/ava_images___645845.png,/home/oleg/coding/py/QualiSR-Lab/dataset/lr/ava_images___645845.png,1.4175790994739592,0.7017217256509652,0.5560426860381444,1.0858736033511913,0.1252458934738575,0.19570220856408427,0.22396001052813397,0.45145547922895757,0.40621072715091255,0.8017021916008681
SUPIR:ava_images___699615,SUPIR,ava_images___699615.png,/home/oleg/coding/py/QualiSR-Lab/dataset/sr/SUPIR/ava_images___699615.png,/home/oleg/coding/py/QualiSR-Lab/dataset/hr/ava_images___699615.png,/home/oleg/coding/py/QualiSR-Lab/dataset/lr/ava_images___699615.png,0.23083804247212242,-1.4215919900216039,0.8352621791812719,-1.3687221767499946,0.3746122248726332,0.8142207030229066,0.2921190508652578,0.5084766178058087,0.026756566211754373,0.3640217903237336
SUPIR:ava_images___710191,SUPIR,ava_images___710191.png,/home/oleg/coding/py/QualiSR-Lab/dataset/sr/SUPIR/ava_images___710191.png,/home/oleg/coding/py/QualiSR-Lab/dataset/hr/ava_images___710191.png,/home/oleg/coding/py/QualiSR-Lab/dataset/lr/ava_images___710191.png,1.0744806987916429,0.6123937256030114,0.3729387107050988,-1.9979779177989718,0.4434976484499419,0.19117103302446004,0.7985452797538346,0.055567717177750775,0.04847695922000672,0.24808657211214258
SUPIR:ava_images___737450,SUPIR,ava_images___737450.png,/home/oleg/coding/py/QualiSR-Lab/dataset/sr/SUPIR/ava_images___737450.png,/home/oleg/coding/py/QualiSR-Lab/dataset/hr/ava_images___737450.png,/home/oleg/coding/py/QualiSR-Lab/dataset/lr/ava_images___737450.png,-0.6090751386803116,0.7226641002877211,-0.5105814153761258,1.308916263621259,0.12588210902146468,0.4740977524982293,0.33154672799423945,0.43937855936569137,0.43149984504846584,0.12078090833325628
SUPIR:ava_images___74410,SUPIR,ava_images___74410.png,/home/oleg/coding/py/QualiSR-Lab/dataset/sr/SUPIR/ava_images___74410.png,/home/oleg/coding/py/QualiSR-Lab/dataset/hr/ava_images___74410.png,/home/oleg/coding/py/QualiSR-Lab/dataset/lr/ava_images___74410.png,-1.5061681773657138,0.35983685452228265,1.1852438519081203,1.3279516582462345,-0.4306574893413755,0.9419573087876939,0.6940279437946724,0.7354074871648842,0.20370669294279398,0.4866063305205536
SUPIR:ava_images___751927,SUPIR,ava_images___751927.png,/home/oleg/coding/py/QualiSR-Lab/dataset/sr/SUPIR/ava_images___751927.png,/home/oleg/coding/py/QualiSR-Lab/dataset/hr/ava_images___751927.png,/home/oleg/coding/py/QualiSR-Lab/dataset/lr/ava_images___751927.png,1.5450897413672626,3.478606864461614,0.17221552721942715,-0.4772791291303046,0.8954960996631985,0.6059233458974526,0.5102700604160506,0.4751983261987329,0.22558408800217844,0.5167148606457937
SUPIR:ava_images___773899,SUPIR,ava_images___773899.png,/home/oleg/coding/py/QualiSR-Lab/dataset/sr/SUPIR/ava_images___773899.png,/home/oleg/coding/py/QualiSR-Lab/dataset/hr/ava_images___773899.png,/home/oleg/coding/py/QualiSR-Lab/dataset/lr/ava_images___773899.png,1.915270534957271,1.0417117296449299,-0.7605313708775165,0.023609415516349996,-0.3401277271239553,0.7115091018757436,0.7554546847543578,0.9098808370662812,0.2554060764505307,0.29222744367345466
SUPIR:ava_images___827653,SUPIR,ava_images___827653.png,/home/oleg/coding/py/QualiSR-Lab/dataset/sr/SUPIR/ava_images___827653.png,/home/oleg/coding/py/QualiSR-Lab/dataset/hr/ava_images___827653.png,/home/oleg/coding/py/QualiSR-Lab/dataset/lr/ava_images___827653.png,0.04303308392136266,-1.515680095241539,0.4747861104873815,-0.5866109406227273,1.563030466754963,0.0024402140499985014,0.08368856775721867,0.6955540345004207,0.3753576058271558,0.6785662382144618
SUPIR:ava_images___842206,SUPIR,ava_images___842206.png,/home/oleg/coding/py/QualiSR-Lab/dataset/sr/SUPIR/ava_images___842206.png,/home/oleg/coding/py/QualiSR-Lab/dataset/hr/ava_images___842206.png,/home/oleg/coding/py/QualiSR-Lab/dataset/lr/ava_images___842206.png,0.6797849234716268,0.24259527169797848,1.5391231718659872,-0.04052412004342524,-2.42136001820902,0.8472725452358,0.0020127469476325377,0.8933473187078719,0.11996543654490577,0.9546036945951696
SUPIR:ava_images___846773,SUPIR,ava_images___846773.png,/home/oleg/coding/py/QualiSR-Lab/dataset/sr/SUPIR/ava_images___846773.png,/home/oleg/coding/py/QualiSR-Lab/dataset/hr/ava_images___846773.png,/home/oleg/coding/py/QualiSR-Lab/dataset/lr/ava_images___846773.png,-1.0865460661606678,1.274305664807935,-0.6143909339150038,1.3460764256575282,0.1765721997939055,0.08735370873533921,0.3488223680940038,0.6574166703595248,0.2795667012200489,0.49558817965639
SUPIR:ava_images___857447,SUPIR,ava_images___857447.png,/home/oleg/coding/py/QualiSR-Lab/dataset/sr/SUPIR/ava_images___857447.png,/home/oleg/coding/py/QualiSR-Lab/dataset/hr/ava_images___857447.png,/home/oleg/coding/py/QualiSR-Lab/dataset/lr/ava_images___857447.png,-0.1976056067221232,0.5335476294711183,-0.5576441380234012,-0.8117845219525532,0.8193130499488752,0.34221249557493305,0.8321534296981793,0.4834458531801765,0.206155578952127,0.6190445741192556
SUPIR:ava_images___864250,SUPIR,ava_images___864250.png,/home/oleg/coding/py/QualiSR-Lab/dataset/sr/SUPIR/ava_images___864250.png,/home/oleg/coding/py/QualiSR-Lab/dataset/hr/ava_images___864250.png,/home/oleg/coding/py/QualiSR-Lab/dataset/lr/ava_images___864250.png,1.5797892188991214,-1.6623321846097998,0.788038901014784,-0.1692027793679597,-0.14702384580407318,0.8361111830190432,0.9135338539470196,0.05069821292337584,0.27211820426565414,0.2470323388149369
SUPIR:ava_images___865616,SUPIR,ava_images___865616.png,/home/oleg/coding/py/QualiSR-Lab/dataset/sr/SUPIR/ava_images___865616.png,/home/oleg/coding/py/QualiSR-Lab/dataset/hr/ava_images___865616.png,/home/oleg/coding/py/QualiSR-Lab/dataset/lr/ava_images___865616.png,0.7735881235830767,-0.6677071759961233,0.12838398940324122,1.4085457928484006,-0.15600080056113053,0.623747003319295,0.6254607222588365,0.16213367227937814,0.3297684987523595,0.9220510961925302
SUPIR:ava_images___953752,SUPIR,ava_images___953752.png,/home/oleg/coding/py/QualiSR-Lab/dataset/sr/SUPIR/ava_images___953752.png,/home/oleg/coding/py/QualiSR-Lab/dataset/hr/ava_images___953752.png,/home/oleg/coding/py/QualiSR-Lab/dataset/lr/ava_images___953752.png,0.03068454630605406,1.1594419634568291,0.6361659706900508,-1.5059914957690188,0.6572326743671763,0.7463017943712879,0.15477923710061903,0.6303722741256066,0.857045248612234,0.32715070369786947
SUPIR:blur_dataset___out_of_focus0685,SUPIR,blur_dataset___out_of_focus0685.png,/home/oleg/coding/py/QualiSR-Lab/dataset/sr/SUPIR/blur_dataset___out_of_focus0685.png,/home/oleg/coding/py/QualiSR-Lab/dataset/hr/blur_dataset___out_of_focus0685.png,/home/oleg/coding/py/QualiSR-Lab/dataset/lr/blur_dataset___out_of_focus0685.png,-1.0443671106066779,0.4923457780166224,1.1834431133536165,-0.3054573484897148,-0.26630444248787166,0.9326242218619321,0.1932182860990641,0.9446032681604004,0.19058345246895825,0.23534365359794196
SUPIR:voc_emotic_ava___EMOTIC__COCO_train2014_000000244530,SUPIR,voc_emotic_ava___EMOTIC__COCO_train2014_000000244530.png,/home/oleg/coding/py/QualiSR-Lab/dataset/sr/SUPIR/voc_emotic_ava___EMOTIC__COCO_train2014_000000244530.png,/home/oleg/coding/py/QualiSR-Lab/dataset/hr/voc_emotic_ava___EMOTIC__COCO_train2014_000000244530.png,/home/oleg/coding/py/QualiSR-Lab/dataset/lr/voc_emotic_ava___EMOTIC__COCO_train2014_000000244530.png,1.0914240275304814,0.38807926786428937,-1.1604913889371575,-0.7970466795469283,-1.4776791833183036,0.9673431339155144,0.43203088747563634,0.33223784744947027,0.40625292674856883,0.7789694107118209
SUPIR:voc_emotic_ava___EMOTIC__COCO_train2014_000000247190,SUPIR,voc_emotic_ava___EMOTIC__COCO_train2014_000000247190.png,/home/oleg/coding/py/QualiSR-Lab/dataset/sr/SUPIR/voc_emotic_ava___EMOTIC__COCO_train2014_000000247190.png,/home/oleg/coding/py/QualiSR-Lab/dataset/hr/voc_emotic_ava___EMOTIC__COCO_train2014_000000247190.png,/home/oleg/coding/py/QualiSR-Lab/dataset/lr/voc_emotic_ava___EMOTIC__COCO_train2014_000000247190.png,1.4452003574283976,-0.5314077117562462,0.5732460392133939,-0.7902359094639958,-1.2523234745087066,0.9601130535193765,0.5285411926639522,0.12025332080833517,0.24687049841272157,0.9434746997353559
SUPIR:voc_emotic_ava___EMOTIC__COCO_val2014_000000020598,SUPIR,voc_emotic_ava___EMOTIC__COCO_val2014_000000020598.png,/home/oleg/coding/py/QualiSR-Lab/dataset/sr/SUPIR/voc_emotic_ava___EMOTIC__COCO_val2014_000000020598.png,/home/oleg/coding/py/QualiSR-Lab/dataset/hr/voc_emotic_ava___EMOTIC__COCO_val2014_000000020598.png,/home/oleg/coding/py/QualiSR-Lab/dataset/lr/voc_emotic_ava___EMOTIC__COCO_val2014_000000020598.png,-0.9667028292817094,-0.14922356401773226,-0.1382874534269528,0.3600978739456215,-0.4630575370375616,0.23810165788280424,0.5051467055821162,0.878082177773568,0.11749610635872676,0.6838813104392755
SUPIR:voc_emotic_ava___JPEGImages__2008_003883,SUPIR,voc_emotic_ava___JPEGImages__2008_003883.png,/home/oleg/coding/py/QualiSR-Lab/dataset/sr/SUPIR/voc_emotic_ava___JPEGImages__2008_003883.png,/home/oleg/coding/py/QualiSR-Lab/dataset/hr/voc_emotic_ava___JPEGImages__2008_003883.png,/home/oleg/coding/py/QualiSR-Lab/dataset/lr/voc_emotic_ava___JPEGImages__2008_003883.png,1.204205251842248,-1.1816458850307197,-1.0814334618702572,0.3135934524781863,0.9576544123228224,0.5678366044888079,0.9036584363307687,0.3295595871824981,0.3952942573551762,0.7234912258363814
SUPIR:voc_emotic_ava___VOC2012__2010_004399,SUPIR,voc_emotic_ava___VOC2012__2010_004399.png,/home/oleg/coding/py/QualiSR-Lab/dataset/sr/SUPIR/voc_emotic_ava___VOC2012__2010_004399.png,/home/oleg/coding/py/QualiSR-Lab/dataset/hr/voc_emotic_ava___VOC2012__2010_004399.png,/home/oleg/coding/py/QualiSR-Lab/dataset/lr/voc_emotic_ava___VOC2012__2010_004399.png,0.3591754134573735,0.5090129065761386,2.1931476780440886,0.9683939613749974,-0.24628998623968756,0.4787376464353602,0.7562881814586049,0.8638263486360208,0.04571918712147094,0.5456694831331997
SUPIR:voc_emotic_ava___VOC2012__2012_004043,SUPIR,voc_emotic_ava___VOC2012__2012_004043.png,/home/oleg/coding/py/QualiSR-Lab/dataset/sr/SUPIR/voc_emotic_ava___VOC2012__2012_004043.png,/home/oleg/coding/py/QualiSR-Lab/dataset/hr/voc_emotic_ava___VOC2012__2012_004043.png,/home/oleg/coding/py/QualiSR-Lab/dataset/lr/voc_emotic_ava___VOC2012__2012_004043.png,-1.0228601120889564,-0.3097518753840948,-0.8989913092410581,0.02821833133501396,1.5120506511324194,0.8305714108709774,0.6964064633480507,0.43647529419305076,0.698502437253449,0.008875298229531703
RealESRGAN:1024x768___4962875195,RealESRGAN,1024x768___4962875195.png,/home/oleg/coding/py/QualiSR-Lab/dataset/sr/RealESRGAN/1024x768___4962875195.png,/home/oleg/coding/py/QualiSR-Lab/dataset/hr/1024x768___4962875195.png,/home/oleg/coding/py/QualiSR-Lab/dataset/lr/1024x768___4962875195.png,-0.7173604346359004,1.8802088912599535,0.8058793953222919,-0.7982701676773747,-0.5364262180437405,0.3030797767129251,0.6113903533143461,0.32802368927019654,0.18749400453928133,0.968756573653143
RealESRGAN:ava_images___101816,RealESRGAN,ava_images___101816.png,/home/oleg/coding/py/QualiSR-Lab/dataset/sr/RealESRGAN/ava_images___101816.png,/home/oleg/coding/py/QualiSR-Lab/dataset/hr/ava_images___101816.png,/home/oleg/coding/py/QualiSR-Lab/dataset/lr/ava_images___101816.png,1.6747551264175928,-0.5029966713163223,1.0342522757990589,-0.04137642087730548,0.794478091052846,0.4070502678769473,0.2240536019296313,0.07187980279531603,0.18789475077603546,0.79926451696579
RealESRGAN:ava_images___158174,RealESRGAN,ava_images___158174.png,/home/oleg/coding/py/QualiSR-Lab/dataset/sr/RealESRGAN/ava_images___158174.png,/home/oleg/coding/py/QualiSR-Lab/dataset/hr/ava_images___158174.png,/home/oleg/coding/py/QualiSR-Lab/dataset/lr/ava_images___158174.png,-0.6621912356496485,1.3201288671765201,-0.45590851610381394,-0.7553524420508797,0.8803994837067227,0.5183615799307321,0.13002409514272462,0.5015574856491394,0.02513794282435189,0.5172172799108571
RealESRGAN:ava_images___18037,RealESRGAN,ava_images___18037.png,/home/oleg/coding/py/QualiSR-Lab/dataset/sr/RealESRGAN/ava_images___18037.png,/home/oleg/coding/py/QualiSR-Lab/dataset/hr/ava_images___18037.png,/home/oleg/coding/py/QualiSR-Lab/dataset/lr/ava_images___18037.png,-0.04962278011407365,-0.6310259794362314,-0.21781727689545466,-0.979338064758701,1.4993246332676553,0.7599018681385776,0.9923118693630418,0.6379262785201927,0.88432752225197,0.6199924632885654
RealESRGAN:ava_images___217590,RealESRGAN,ava_images___217590.png,/home/oleg/coding/py/QualiSR-Lab/dataset/sr/RealESRGAN/ava_images___217590.png,/home/oleg/coding/py/QualiSR-Lab/dataset/hr/ava_images___217590.png,/home/oleg/coding/py/QualiSR-Lab/dataset/lr/ava_images___217590.png,0.584731303126234,-0.8684334536932291,0.6934539180864685,1.4107840404196723,-0.9103726140696787,0.5691669667613861,0.962076317706362,0.38732882333524454,0.5011890885708044,0.3818822605893982
RealESRGAN:ava_images___251530,RealESRGAN,ava_images___251530.png,/home/oleg/coding/py/QualiSR-Lab/dataset/sr/RealESRGAN/ava_images___251530.png,/home/oleg/coding/py/QualiSR-Lab/dataset/hr/ava_images___251530.png,/home/oleg/coding/py/QualiSR-Lab/dataset/lr/ava_images___251530.png,-0.5492181278997144,-0.4135623167984256,1.0128636249542653,0.7489981976491049,-0.2248884812218533,0.724382309055899,0.6202393966824193,0.32919886268905496,0.8561923457494368,0.5401074002068322
RealESRGAN:ava_images___253900,RealESRGAN,ava_images___253900.png,/home/oleg/coding/py/QualiSR-Lab/dataset/sr/RealESRGAN/ava_images___253900.png,/home/oleg/coding/py/QualiSR-Lab/dataset/hr/ava_images___253900.png,/home/oleg/coding/py/QualiSR-Lab/dataset/lr/ava_images___253900.png,1.2803864184203322,0.8971243158757924,0.28337933445988545,0.09780455078912327,1.3377857810770177,0.5389467976591132,0.23854136530710524,0.13231599985000186,0.7116833280607853,0.2915385736653511
RealESRGAN:ava_images___273810,RealESRGAN,ava_images___273810.png,/home/oleg/coding/py/QualiSR-Lab/dataset/sr/RealESRGAN/ava_images___273810.png,/home/oleg/coding/py/QualiSR-Lab/dataset/hr/ava_images___273810.png,/home/oleg/coding/py/QualiSR-Lab/dataset/lr/ava_images___273810.png,-0.42117199313623815,0.1415686533065191,-2.1905369459356314,-1.1697863112469638,-0.1504971857712945,0.5643388072170457,0.07032169761329521,0.6236942699842313,0.6459100030678675,0.10614560798045947
RealESRGAN:ava_images___295451,RealESRGAN,ava_images___295451.png,/home/oleg/coding/py/QualiSR-Lab/dataset/sr/RealESRGAN/ava_images___295451.png,/home/oleg/coding/py/QualiSR-Lab/dataset/hr/ava_images___295451.png,/home/oleg/coding/py/QualiSR-Lab/dataset/lr/ava_images___295451.png,-0.6078858360411048,-0.04450695342929489,0.4839184242462117,-0.5831668335248801,-0.06412790726639275,0.10706192682459592,0.5457465450220051,0.8271588319318055,0.7260098516040294,0.825437084120861
RealESRGAN:ava_images___308473,RealESRGAN,ava_images___308473.png,/home/oleg/coding/py/QualiSR-Lab/dataset/sr/RealESRGAN/ava_images___308473.png,/home/oleg/coding/py/QualiSR-Lab/dataset/hr/ava_images___308473.png,/home/oleg/coding/py/QualiSR-Lab/dataset/lr/ava_images___308473.png,-0.6202306798224817,1.0979314255888588,0.7694794968983202,-1.3220235129762452,1.1147824083065083,0.2629945489717793,0.8811011291869909,0.9997065236526699,0.996251732130498,0.5507872213525322
RealESRGAN:ava_images___321917,RealESRGAN,ava_images___321917.png,/home/oleg/coding/py/QualiSR-Lab/dataset/sr/RealESRGAN/ava_images___321917.png,/home/oleg/coding/py/QualiSR-Lab/dataset/hr/ava_images___321917.png,/home/oleg/coding/py/QualiSR-Lab/dataset/lr/ava_images___321917.png,-0.4751645695784753,0.4200386200544195,-0.3694938631053821,-1.096599449542186,0.03139203915454935,0.6148071860005838,0.37194955030515453,0.25266092588357036,0.04076790758101678,0.377929113781857
RealESRGAN:ava_images___360165,RealESRGAN,ava_images___360165.png,/home/oleg/coding/py/QualiSR-Lab/dataset/sr/RealESRGAN/ava_images___360165.png,/home/oleg/coding/py/QualiSR-Lab/dataset/hr/ava_images___360165.png,/home/oleg/coding/py/QualiSR-Lab/dataset/lr/ava_images___360165.png,0.3314089495515026,2.309927944980426,-0.37306590235810244,-0.0027098541536425733,0.9928809799835971,0.7492084001038425,0.4196953664129326,0.5380791870124357,0.014440604687214642,0.9543510977865945
RealESRGAN:ava_images___426629,RealESRGAN,ava_images___426629.png,/home/oleg/coding/py/QualiSR-Lab/dataset/sr/RealESRGAN/ava_images___426629.png,/home/oleg/coding/py/QualiSR-Lab/dataset/hr/ava_images___426629.png,/home/oleg/coding/py/QualiSR-Lab/dataset/lr/ava_images___426629.png,1.3156680410366806,-1.340505711805034,2.48440737704988,0.09037362878051157,1.1836771698608533,0.7355441912187801,0.5779558024039289,0.8451647289795422,0.5451610067438766,0.42889658619237936
RealESRGAN:ava_images___436880,RealESRGAN,ava_images___436880.png,/home/oleg/coding/py/QualiSR-Lab/dataset/sr/RealESRGAN/ava_images___436880.png,/home/oleg/coding/py/QualiSR-Lab/dataset/hr/ava_images___436880.png,/home/oleg/coding/py/QualiSR-Lab/dataset/lr/ava_images___436880.png,0.34013217996185613,-1.4330256677268578,-0.6164071149073846,-0.5528705863307437,1.0726322271510333,0.024740757691594784,0.19150412245462012,0.34246105267355886,0.7071548413810494,0.3162689009194435
RealESRGAN:ava_images___46021,RealESRGAN,ava_images___46021.png,/home/oleg/coding/py/QualiSR-Lab/dataset/sr/RealESRGAN/ava_images___46021.png,/home/oleg/coding/py/QualiSR-Lab/dataset/hr/ava_images___46021.png,/home/oleg/coding/py/QualiSR-Lab/dataset/lr/ava_images___46021.png,1.1881698282775062,0.5799248808097212,-0.9584137206986559,-1.5716170853491016,-0.1137899126656603,0.47185404159003996,0.6011657251659973,0.30321079473857826,0.0552232470089864,0.2279838630366925
RealESRGAN:ava_images___472713,RealESRGAN,ava_images___472713.png,/home/oleg/coding/py/QualiSR-Lab/dataset/sr/RealESRGAN/ava_images___472713.png,/home/oleg/coding/py/QualiSR-Lab/dataset/hr/ava_images___472713.png,/home/oleg/coding/py/QualiSR-Lab/dataset/lr/ava_images___472713.png,-1.0713323107200448,1.0342666374385892,-0.6703259933069093,2.17332624325029,0.24635051730933533,0.3359622700249636,0.9610314937850094,0.21220357694085024,0.022506447591321366,0.9705852243299968
RealESRGAN:ava_images___501777,RealESRGAN,ava_images___501777.png,/home/oleg/coding/py/QualiSR-Lab/dataset/sr/RealESRGAN/ava_images___501777.png,/home/oleg/coding/py/QualiSR-Lab/dataset/hr/ava_images___501777.png,/home/oleg/coding/py/QualiSR-Lab/dataset/lr/ava_images___501777.png,3.080356378119217,-1.3140296069352744,0.047716680010349406,0.700025897789113,-1.708620169699915,0.2630649726618617,0.3711988823702529,0.5746324756166808,0.3018809721527903,0.9261016506970352
RealESRGAN:ava_images___564572,RealESRGAN,ava_images___564572.png,/home/oleg/coding/py/QualiSR-Lab/dataset/sr/RealESRGAN/ava_images___564572.png,/home/oleg/coding/py/QualiSR-Lab/dataset/hr/ava_images___564572.png,/home/oleg/coding/py/QualiSR-Lab/dataset/lr/ava_images___564572.png,-0.26163580462406194,2.047355107684363,-0.2677649681978676,1.2618449642304264,0.5928384848063497,0.029719087680621148,0.9781338193324638,0.9244895090195734,0.04275284234251764,0.4916689982213517
RealESRGAN:ava_images___588008,RealESRGAN,ava_images___588008.png,/home/oleg/coding/py/QualiSR-Lab/dataset/sr/RealESRGAN/ava_images___588008.png,/home/oleg/coding/py/QualiSR-Lab/dataset/hr/ava_images___588008.png,/home/oleg/coding/py/QualiSR-Lab/dataset/lr/ava_images___588008.png,0.5453450424659215,0.17498032726082596,-0.3215854585565109,-1.1707548384457362,-0.26535178152200567,0.24970574706715776,0.07530421298174761,0.04299931956839942,0.3372216107231275,0.7456679055868604
RealESRGAN:ava_images___645845,RealESRGAN,ava_images___645845.png,/home/oleg/coding/py/QualiSR-Lab/dataset/sr/RealESRGAN/ava_images___645845.png,/home/oleg/coding/py/QualiSR-Lab/dataset/hr/ava_images___645845.png,/home/oleg/coding/py/QualiSR-Lab/dataset/lr/ava_images___645845.png,0.5940905534114407,0.8903803506046187,-0.3386000388978014,-0.7061064551883273,0.7493880719714253,0.5109989053602862,0.11359058243951359,0.4010665297123579,0.338886351282654,0.02422417069039351
RealESRGAN:ava_images___699615,RealESRGAN,ava_images___699615.png,/home/oleg/coding/py/QualiSR-Lab/dataset/sr/RealESRGAN/ava_images___699615.png,/home/oleg/coding/py/QualiSR-Lab/dataset/hr/ava_images___699615.png,/home/oleg/coding/py/QualiSR-Lab/dataset/lr/ava_images___699615.png,0.2398842981587705,1.1423420059938854,0.08056950142461523,0.6231887392997469,0.23373525700163722,0.9056390115562942,0.8435585502977639,0.025794477469005317,0.6570848892392995,0.15513224199200826
RealESRGAN:ava_images___710191,RealESRGAN,ava_images___710191.png,/home/oleg/coding/py/QualiSR-Lab/dataset/sr/RealESRGAN/ava_images___710191.png,/home/oleg/coding/py/QualiSR-Lab/dataset/hr/ava_images___710191.png,/home/oleg/coding/py/QualiSR-Lab/dataset/lr/ava_images___710191.png,1.188453324912994,-1.6628769224643318,-0.2865708529775528,0.9331544174061583,-0.02815209320954901,0.5995543242148784,0.5861377535825381,0.5705004235116008,0.17741352624864992,0.3349765891477374
RealESRGAN:ava_images___737450,RealESRGAN,ava_images___737450.png,/home/oleg/coding/py/QualiSR-Lab/dataset/sr/RealESRGAN/ava_images___737450.png,/home/oleg/coding/py/QualiSR-Lab/dataset/hr/ava_images___737450.png,/home/oleg/coding/py/QualiSR-Lab/dataset/lr/ava_images___737450.png,2.5202475541377796,0.4244733390028419,-2.2650782073887017,-0.347899564897604,0.9627395683348234,0.7232518447142615,0.06998885250817488,0.8140390089702911,0.046164727642619474,0.35669171803263455
RealESRGAN:ava_images___74410,RealESRGAN,ava_images___74410.png,/home/oleg/coding/py/QualiSR-Lab/dataset/sr/RealESRGAN/ava_images___74410.png,/home/oleg/coding/py/QualiSR-Lab/dataset/hr/ava_images___74410.png,/home/oleg/coding/py/QualiSR-Lab/dataset/lr/ava_images___74410.png,-0.24153138785843212,-0.5909146963800864,-1.061601250100474,-0.4108462565462147,0.5525437866210852,0.0472065334639854,0.3738665480712433,0.3701488883166918,0.2904101096131181,0.27298060298416404
RealESRGAN:ava_images___751927,RealESRGAN,ava_images___751927.png,/home/oleg/coding/py/QualiSR-Lab/dataset/sr/RealESRGAN/ava_images___751927.png,/home/oleg/coding/py/QualiSR-Lab/dataset/hr/ava_images___751927.png,/home/oleg/coding/py/QualiSR-Lab/dataset/lr/ava_images___751927.png,-0.35777368767633644,0.6729992400929085,-0.8460340050041827,0.029639009111808817,1.3712495407629641,0.22035837999957852,0.3680361378425627,0.7741656308800636,0.4035327004158038,0.9089343840248485
RealESRGAN:ava_images___773899,RealESRGAN,ava_images___773899.png,/home/oleg/coding/py/QualiSR-Lab/dataset/sr/RealESRGAN/ava_images___773899.png,/home/oleg/coding/py/QualiSR-Lab/dataset/hr/ava_images___773899.png,/home/oleg/coding/py/QualiSR-Lab/dataset/lr/ava_images___773899.png,0.5002523260108993,1.4737271189690548,-0.5493965015129479,0.0869278642297506,-0.19266895846211074,0.8524343456292794,0.4634882944632359,0.4522641179814173,0.14043132891629528,0.7644970408139851
RealESRGAN:ava_images___827653,RealESRGAN,ava_images___827653.png,/home/oleg/coding/py/QualiSR-Lab/dataset/sr/RealESRGAN/ava_images___827653.png,/home/oleg/coding/py/QualiSR-Lab/dataset/hr/ava_images___827653.png,/home/oleg/coding/py/QualiSR-Lab/dataset/lr/ava_images___827653.png,0.3474654806287199,-0.6455047073722407,1.7666595002325918,-1.1000391900031266,1.250859967352895,0.9827870938538055,0.5352575918099667,0.2664000942528624,0.2156766079401341,0.7979480472848705
RealESRGAN:ava_images___842206,RealESRGAN,ava_images___842206.png,/home/oleg/coding/py/QualiSR-Lab/dataset/sr/RealESRGAN/ava_images___842206.png,/home/oleg/coding/py/QualiSR-Lab/dataset/hr/ava_images___842206.png,/home/oleg/coding/py/QualiSR-Lab/dataset/lr/ava_images___842206.png,-0.6489099608794274,1.8072790470142488,-0.3961613187577478,-0.8671227313219962,-2.0513760758689457,0.7803512960136526,0.6598867373327213,0.11848396830767438,0.8276441983172571,0.09325603015409922
RealESRGAN:ava_images___846773,RealESRGAN,ava_images___846773.png,/home/oleg/coding/py/QualiSR-Lab/dataset/sr/RealESRGAN/ava_images___846773.png,/home/oleg/coding/py/QualiSR-Lab/dataset/hr/ava_images___846773.png,/home/oleg/coding/py/QualiSR-Lab/dataset/lr/ava_images___846773.png,3.1446765519798934,-0.13852805371566138,-0.17411663264102145,-1.2473117967816805,0.4886659931046024,0.6450522457461078,0.9502965823803403,0.3291179916165585,0.018560478314240014,0.3917820708523483
RealESRGAN:ava_images___857447,RealESRGAN,ava_images___857447.png,/home/oleg/coding/py/QualiSR-Lab/dataset/sr/RealESRGAN/ava_images___857447.png,/home/oleg/coding/py/QualiSR-Lab/dataset/hr/ava_images___857447.png,/home/oleg/coding/py/QualiSR-Lab/dataset/lr/ava_images___857447.png,0.49599150776812206,-1.0521552754049486,-1.1132225127510962,-0.9488041995541606,1.1681793694433367,0.2362691115073211,0.09535747091935864,0.7131712769539533,0.6884443722534458,0.3343129714661244
RealESRGAN:ava_images___864250,RealESRGAN,ava_images___864250.png,/home/oleg/coding/py/QualiSR-Lab/dataset/sr/RealESRGAN/ava_images___864250.png,/home/oleg/coding/py/QualiSR-Lab/dataset/hr/ava_images___864250.png,/home/oleg/coding/py/QualiSR-Lab/dataset/lr/ava_images___864250.png,-1.2230698960664614,-0.9071340387507156,1.80615971135334,-0.7448659446392204,0.6387243433530905,0.4916334150511379,0.7015833929139252,0.10754255392279688,0.6081904443423063,0.6663650778203737
RealESRGAN:ava_images___865616,RealESRGAN,ava_images___865616.png,/home/oleg/coding/py/QualiSR-Lab/dataset/sr/RealESRGAN/ava_images___865616.png,/home/oleg/coding/py/QualiSR-Lab/dataset/hr/ava_images___865616.png,/home/oleg/coding/py/QualiSR-Lab/dataset/lr/ava_images___865616.png,2.0080553449997143,1.8760464971669337,0.6543941711807524,-0.854356180102759,0.5785720247448722,0.8078126449787232,0.7985489893290574,0.6377795381756369,0.654289337886132,0.058412113898875684
RealESRGAN:ava_images___953752,RealESRGAN,ava_images___953752.png,/home/oleg/coding/py/QualiSR-Lab/dataset/sr/RealESRGAN/ava_images___953752.png,/home/oleg/coding/py/QualiSR-Lab/dataset/hr/ava_images___953752.png,/home/oleg/coding/py/QualiSR-Lab/dataset/lr/ava_images___953752.png,2.159133235136497,-1.5938635825801444,0.21168983379987857,-1.8904976846499069,-0.007771725731100229,0.1061280177116406,0.6387737647173138,0.9230059382054455,0.6735068540734351,0.14980591167167567
RealESRGAN:blur_dataset___out_of_focus0685,RealESRGAN,blur_dataset___out_of_focus0685.png,/home/oleg/coding/py/QualiSR-Lab/dataset/sr/RealESRGAN/blur_dataset___out_of_focus0685.png,/home/oleg/coding/py/QualiSR-Lab/dataset/hr/blur_dataset___out_of_focus0685.png,/home/oleg/coding/py/QualiSR-Lab/dataset/lr/blur_dataset___out_of_focus0685.png,-0.9267930192871291,-1.0661119839403852,-0.01780404328592313,0.14919213287835748,-0.31374388237094747,0.8738817371513303,0.5298708742009048,0.16384253368238944,0.9867896113001827,0.9426176303472796
RealESRGAN:voc_emotic_ava___EMOTIC__COCO_train2014_000000244530,RealESRGAN,voc_emotic_ava___EMOTIC__COCO_train2014_000000244530.png,/home/oleg/coding/py/QualiSR-Lab/dataset/sr/RealESRGAN/voc_emotic_ava___EMOTIC__COCO_train2014_000000244530.png,/home/oleg/coding/py/QualiSR-Lab/dataset/hr/voc_emotic_ava___EMOTIC__COCO_train2014_000000244530.png,/home/oleg/coding/py/QualiSR-Lab/dataset/lr/voc_emotic_ava___EMOTIC__COCO_train2014_000000244530.png,-0.7653083107093027,-0.04187039309082835,0.08976467290696026,-0.742938651536147,0.1622039884468427,0.8260286737063498,0.9503200907688878,0.7730938778136061,0.19469009995318698,0.06143691810064489
RealESRGAN:voc_emotic_ava___EMOTIC__COCO_train2014_000000247190,RealESRGAN,voc_emotic_ava___EMOTIC__COCO_train2014_000000247190.png,/home/oleg/coding/py/QualiSR-Lab/dataset/sr/RealESRGAN/voc_emotic_ava___EMOTIC__COCO_train2014_000000247190.png,/home/oleg/coding/py/QualiSR-Lab/dataset/hr/voc_emotic_ava___EMOTIC__COCO_train2014_000000247190.png,/home/oleg/coding/py/QualiSR-Lab/dataset/lr/voc_emotic_ava___EMOTIC__COCO_train2014_000000247190.png,-1.73392996690475,0.11582727983561393,-0.8534199286235246,0.6987036180095693,0.5960248806727844,0.889493439776721,0.4206938553337801,0.05074860557506489,0.4429408658898929,0.7096002241296625
RealESRGAN:voc_emotic_ava___EMOTIC__COCO_val2014_000000020598,RealESRGAN,voc_emotic_ava___EMOTIC__COCO_val2014_000000020598.png,/home/oleg/coding/py/QualiSR-Lab/dataset/sr/RealESRGAN/voc_emotic_ava___EMOTIC__COCO_val2014_000000020598.png,/home/oleg/coding/py/QualiSR-Lab/dataset/hr/voc_emotic_ava___EMOTIC__COCO_val2014_000000020598.png,/home/oleg/coding/py/QualiSR-Lab/dataset/lr/voc_emotic_ava___EMOTIC__COCO_val2014_000000020598.png,0.7585006690271264,-0.07030817470925788,-1.6351074609533511,-0.8352401217382054,0.9228808688066695,0.29201661469424645,0.05127760624131983,0.10412359079691846,0.004740110014682664,0.45967005291676866
RealESRGAN:voc_emotic_ava___JPEGImages__2008_003883,RealESRGAN,voc_emotic_ava___JPEGImages__2008_003883.png,/home/oleg/coding/py/QualiSR-Lab/dataset/sr/RealESRGAN/voc_emotic_ava___JPEGImages__2008_003883.png,/home/oleg/coding/py/QualiSR-Lab/dataset/hr/voc_emotic_ava___JPEGImages__2008_003883.png,/home/oleg/coding/py/QualiSR-Lab/dataset/lr/voc_emotic_ava___JPEGImages__2008_003883.png,-0.136489225337609,1.1094248856057778,0.4674148538906216,0.08935076100381066,0.46189730198296786,0.48493922533329825,0.6192931237093662,0.11756329884217898,0.7419442451135141,0.2401828603377416
RealESRGAN:voc_emotic_ava___VOC2012__2010_004399,RealESRGAN,voc_emotic_ava___VOC2012__2010_004399.png,/home/oleg/coding/py/QualiSR-Lab/dataset/sr/RealESRGAN/voc_emotic_ava___VOC2012__2010_004399.png,/home/oleg/coding/py/QualiSR-Lab/dataset/hr/voc_emotic_ava___VOC2012__2010_004399.png,/home/oleg/coding/py/QualiSR-Lab/dataset/lr/voc_emotic_ava___VOC2012__2010_004399.png,0.9354835730404222,0.09144690602787182,-1.7222917185148696,0.2696779179995598,0.570611404664857,0.9111328483310256,0.9058134158234807,0.5139704700773885,0.1355078837717234,0.2845423283315982
RealESRGAN:voc_emotic_ava___VOC2012__2012_004043,RealESRGAN,voc_emotic_ava___VOC2012__2012_004043.png,/home/oleg/coding/py/QualiSR-Lab/dataset/sr/RealESRGAN/voc_emotic_ava___VOC2012__2012_004043.png,/home/oleg/coding/py/QualiSR-Lab/dataset/hr/voc_emotic_ava___VOC2012__2012_004043.png,/home/oleg/coding/py/QualiSR-Lab/dataset/lr/voc_emotic_ava___VOC2012__2012_004043.png,0.21156549114439427,1.74784062049713,0.13789445001971148,-1.6746717615277538,1.419782681391824,0.38008483988569564,0.651467223800292,0.14474435480930448,0.3021673764135224,0.35534887770503143
